"","term","estimate","std.error","statistic","p.value"
"1","(Intercept)",0.0599325291898097,0.111307990532753,0.538438695218153,0.591507684484641
"2","x",2.01934105122625,0.103344906525379,19.5398217398392,2.1195090184193e-35
"3","z",-0.00252688596945788,0.111948961616777,-0.0225717678213747,0.98203823196615
