"","law","dk_mean","trimmed_mean","sd"
"1",0,129.598684210526,126,22.6269076963605
"2",1,123.555555555556,122.571428571429,15.1171352371333
